phase,key,task_id,family,model,arm,seed,execution,gold_decision,trial_wall_seconds,current_controller_segment_wall_seconds,runner_stop,domain_stop,pending,fault,system_claimed_complete,oracle_assessed,answer_correct,answer_grounded_correct,verified_supported_completion,evidence_supported_completion,grounded_abstention,errors,executed,unexecuted,transport_completed,known_usage,request_pending,terminated_unmetered,output_schema_valid,all_call_outputs_schema_valid,length_or_format_fault,reviewer_status,router_satisfied,secondary_trigger,secondary_trigger_fault,secondary_callbacks,reviewer_false_pass,erroneous_stop,known_attempt_termination,false_acceptance
confirmation,confirmation-gemma-confirmation024-L1-1-A-24041017,confirmation024-L1-1,L1,gemma4:e4b,A,24041017,completed,yes,98.65699999999197,98.65699999999197,router_stopped,satisfied,False,,True,True,True,True,False,False,False,['no_grounded_semantic_review_receipt'],True,False,True,True,False,False,True,True,False,PASS,True,,,0,False,True,True,True
confirmation,confirmation-gemma-confirmation024-L1-1-B-24041017,confirmation024-L1-1,L1,gemma4:e4b,B,24041017,completed,yes,52.48399999999674,52.48399999999674,router_stopped,escalation_required,False,,False,True,False,False,False,False,False,"['current_negative_check', 'missing_witness:document-1', 'no_grounded_semantic_review_receipt', 'wrong_canonical_decision']",True,False,True,True,False,False,True,True,False,UNKNOWN,False,,,0,False,True,True,False
confirmation,confirmation-gemma-confirmation024-L1-1-C-24041017,confirmation024-L1-1,L1,gemma4:e4b,C,24041017,completed,yes,29.73399999999674,29.73399999999674,router_stopped,satisfied,False,,True,True,True,True,False,False,False,['no_grounded_semantic_review_receipt'],True,False,True,True,False,False,True,True,False,PASS,,,,0,False,True,True,True
confirmation,confirmation-gemma-confirmation024-L1-2-A-24041017,confirmation024-L1-2,L1,gemma4:e4b,A,24041017,completed,no,98.98400000001129,98.98400000001129,router_stopped,satisfied,False,,True,True,True,True,False,False,False,['no_grounded_semantic_review_receipt'],True,False,True,True,False,False,True,True,False,PASS,True,,,0,False,True,True,True
confirmation,confirmation-gemma-confirmation024-L1-2-B-24041017,confirmation024-L1-2,L1,gemma4:e4b,B,24041017,completed,no,61.671000000002095,61.671000000002095,router_stopped,satisfied,False,,True,True,True,True,False,False,False,['no_grounded_semantic_review_receipt'],True,False,True,True,False,False,True,True,False,PASS,True,,,0,False,True,True,True
confirmation,confirmation-gemma-confirmation024-L1-2-C-24041017,confirmation024-L1-2,L1,gemma4:e4b,C,24041017,completed,no,28.546999999991385,28.546999999991385,router_stopped,satisfied,False,,True,True,True,True,False,False,False,['no_grounded_semantic_review_receipt'],True,False,True,True,False,False,True,True,False,PASS,,,,0,False,True,True,True
confirmation,confirmation-gemma-confirmation024-L1-3-A-24041017,confirmation024-L1-3,L1,gemma4:e4b,A,24041017,completed,yes,107.23399999999674,107.23399999999674,router_stopped,satisfied,False,,True,True,True,True,False,False,False,['no_grounded_semantic_review_receipt'],True,False,True,True,False,False,True,True,False,PASS,True,,,0,False,True,True,True
confirmation,confirmation-gemma-confirmation024-L1-3-B-24041017,confirmation024-L1-3,L1,gemma4:e4b,B,24041017,completed,yes,75.375,75.375,router_stopped,satisfied,False,,True,True,True,True,False,False,False,['no_grounded_semantic_review_receipt'],True,False,True,True,False,False,True,True,False,PASS,True,,,0,False,True,True,True
confirmation,confirmation-gemma-confirmation024-L1-3-C-24041017,confirmation024-L1-3,L1,gemma4:e4b,C,24041017,completed,yes,27.296999999991385,27.296999999991385,router_stopped,satisfied,False,,True,True,True,True,False,False,False,['no_grounded_semantic_review_receipt'],True,False,True,True,False,False,True,True,False,PASS,,,,0,False,True,True,True
confirmation,confirmation-gemma-confirmation024-L1-6-A-24041017,confirmation024-L1-6,L1,gemma4:e4b,A,24041017,completed,unknown,56.78100000000268,56.78100000000268,router_stopped,satisfied,False,,True,True,True,False,False,False,False,"['missing_witness:document-2', 'no_grounded_semantic_review_receipt']",True,False,True,True,False,False,True,True,False,PASS,True,,,0,True,False,True,True
confirmation,confirmation-gemma-confirmation024-L1-6-B-24041017,confirmation024-L1-6,L1,gemma4:e4b,B,24041017,completed,unknown,73.625,73.625,router_stopped,satisfied,False,,True,True,True,True,False,False,True,['no_grounded_semantic_review_receipt'],True,False,True,True,False,False,True,True,False,PASS,True,,,0,False,False,True,True
confirmation,confirmation-gemma-confirmation024-L1-6-C-24041017,confirmation024-L1-6,L1,gemma4:e4b,C,24041017,completed,unknown,29.139999999999418,29.139999999999418,router_stopped,escalation_required,False,,False,True,True,False,False,False,False,"['current_negative_check', 'fabricated_or_foreign_quote', 'insufficient_independent_origins', 'missing_witness:document-1', 'missing_witness:document-2', 'no_grounded_semantic_review_receipt']",True,False,True,True,False,False,True,True,False,PASS,,,,0,True,False,True,False
confirmation,confirmation-gemma-confirmation024-L2-1-A-24041017,confirmation024-L2-1,L2,gemma4:e4b,A,24041017,completed,yes,199.95299999999406,199.95299999999406,router_stopped,blocked,False,,False,True,False,False,False,False,False,"['current_negative_check', 'no_grounded_semantic_review_receipt', 'wrong_canonical_decision']",True,False,True,True,False,False,True,True,False,UNKNOWN,False,,,0,False,True,True,False
confirmation,confirmation-gemma-confirmation024-L2-1-B-24041017,confirmation024-L2-1,L2,gemma4:e4b,B,24041017,completed,yes,69.73399999999674,69.73399999999674,router_stopped,satisfied,False,,True,True,True,True,False,False,False,['no_grounded_semantic_review_receipt'],True,False,True,True,False,False,True,True,False,PASS,True,,,0,False,True,True,True
confirmation,confirmation-gemma-confirmation024-L2-1-C-24041017,confirmation024-L2-1,L2,gemma4:e4b,C,24041017,completed,yes,30.98399999999674,30.98399999999674,router_stopped,satisfied,False,,True,True,True,False,False,False,False,"['insufficient_independent_origins', 'missing_witness:document-2', 'missing_witness:document-4', 'no_grounded_semantic_review_receipt']",True,False,True,True,False,False,True,True,False,PASS,,,,0,True,True,True,True
confirmation,confirmation-gemma-confirmation024-L2-2-A-24041017,confirmation024-L2-2,L2,gemma4:e4b,A,24041017,completed,no,163.40600000000268,163.40600000000268,router_stopped,blocked,False,,False,True,False,False,False,False,False,"['current_negative_check', 'no_grounded_semantic_review_receipt', 'wrong_canonical_decision']",True,False,True,True,False,False,True,True,False,UNKNOWN,False,,,0,False,True,True,False
confirmation,confirmation-gemma-confirmation024-L2-2-B-24041017,confirmation024-L2-2,L2,gemma4:e4b,B,24041017,completed,no,63.921999999991385,63.921999999991385,router_stopped,satisfied,False,,True,True,True,True,False,False,False,['no_grounded_semantic_review_receipt'],True,False,True,True,False,False,True,True,False,PASS,True,,,0,False,True,True,True
confirmation,confirmation-gemma-confirmation024-L2-2-C-24041017,confirmation024-L2-2,L2,gemma4:e4b,C,24041017,completed,no,37.90600000000268,37.90600000000268,router_stopped,satisfied,False,,True,True,True,False,False,False,False,"['insufficient_independent_origins', 'missing_witness:document-4', 'no_grounded_semantic_review_receipt']",True,False,True,True,False,False,True,True,False,PASS,,,,0,True,True,True,True
confirmation,confirmation-gemma-confirmation024-L2-3-A-24041017,confirmation024-L2-3,L2,gemma4:e4b,A,24041017,completed,yes,157.18799999999464,157.18799999999464,router_stopped,blocked,False,,False,True,False,False,False,False,False,"['no_grounded_semantic_review_receipt', 'wrong_canonical_decision']",True,False,True,True,False,False,True,True,False,UNKNOWN,False,,,0,False,True,True,False
confirmation,confirmation-gemma-confirmation024-L2-3-B-24041017,confirmation024-L2-3,L2,gemma4:e4b,B,24041017,completed,yes,141.6880000000092,141.6880000000092,router_stopped,satisfied,False,,True,True,False,False,False,False,False,"['no_grounded_semantic_review_receipt', 'wrong_canonical_decision']",True,False,True,True,False,False,True,True,False,PASS,True,,,0,True,True,True,True
confirmation,confirmation-gemma-confirmation024-L2-3-C-24041017,confirmation024-L2-3,L2,gemma4:e4b,C,24041017,completed,yes,34.64100000000326,34.64100000000326,router_stopped,satisfied,False,,True,True,True,False,False,False,False,"['insufficient_independent_origins', 'missing_witness:document-2', 'missing_witness:document-5', 'no_grounded_semantic_review_receipt']",True,False,True,True,False,False,True,True,False,PASS,,,,0,True,True,True,True
confirmation,confirmation-gemma-confirmation024-L2-6-A-24041017,confirmation024-L2-6,L2,gemma4:e4b,A,24041017,completed,unknown,161.51600000000326,161.51600000000326,router_stopped,blocked,False,,False,True,True,True,False,False,True,"['current_negative_check', 'no_grounded_semantic_review_receipt']",True,False,True,True,False,False,True,True,False,UNKNOWN,False,,,0,False,False,True,False
confirmation,confirmation-gemma-confirmation024-L2-6-B-24041017,confirmation024-L2-6,L2,gemma4:e4b,B,24041017,completed,unknown,66.53200000000652,66.53200000000652,router_stopped,satisfied,False,,True,True,True,True,False,False,True,['no_grounded_semantic_review_receipt'],True,False,True,True,False,False,True,True,False,PASS,True,,,0,False,False,True,True
confirmation,confirmation-gemma-confirmation024-L2-6-C-24041017,confirmation024-L2-6,L2,gemma4:e4b,C,24041017,completed,unknown,68.46800000000803,68.46800000000803,router_stopped,escalation_required,False,,False,True,False,False,False,False,False,"['current_negative_check', 'fabricated_or_foreign_quote', 'insufficient_independent_origins', 'missing_witness:document-1', 'missing_witness:document-2', 'missing_witness:document-4', 'no_grounded_semantic_review_receipt', 'wrong_canonical_decision']",True,False,True,True,False,False,True,True,False,PASS,,,,0,True,False,True,False
confirmation,confirmation-gemma-confirmation024-L3-1-A-24041017,confirmation024-L3-1,L3,gemma4:e4b,A,24041017,completed,yes,60.61000000000058,60.61000000000058,router_stopped,escalation_required,False,,False,True,False,False,False,False,False,"['current_negative_check', 'missing_witness:document-1', 'missing_witness:document-3', 'no_grounded_semantic_review_receipt', 'wrong_canonical_decision']",True,False,True,True,False,False,True,True,False,UNKNOWN,False,,,0,False,True,True,False
confirmation,confirmation-gemma-confirmation024-L3-1-B-24041017,confirmation024-L3-1,L3,gemma4:e4b,B,24041017,completed,yes,81.92200000000594,81.92200000000594,router_stopped,satisfied,False,,True,True,True,True,False,False,False,['no_grounded_semantic_review_receipt'],True,False,True,True,False,False,True,True,False,PASS,True,,,0,False,True,True,True
confirmation,confirmation-gemma-confirmation024-L3-1-C-24041017,confirmation024-L3-1,L3,gemma4:e4b,C,24041017,completed,yes,31.625,31.625,router_stopped,satisfied,False,,True,True,True,True,False,False,False,['no_grounded_semantic_review_receipt'],True,False,True,True,False,False,True,True,False,PASS,,,,0,False,True,True,True
confirmation,confirmation-gemma-confirmation024-L3-2-A-24041017,confirmation024-L3-2,L3,gemma4:e4b,A,24041017,completed,no,117.09399999999732,117.09399999999732,router_stopped,satisfied,False,,True,True,False,False,False,False,False,"['no_grounded_semantic_review_receipt', 'wrong_canonical_decision']",True,False,True,True,False,False,True,True,False,PASS,True,,,0,True,True,True,True
confirmation,confirmation-gemma-confirmation024-L3-2-B-24041017,confirmation024-L3-2,L3,gemma4:e4b,B,24041017,completed,no,74.9369999999908,74.9369999999908,router_stopped,satisfied,False,,True,True,True,True,False,False,False,['no_grounded_semantic_review_receipt'],True,False,True,True,False,False,True,True,False,PASS,True,,,0,False,True,True,True
confirmation,confirmation-gemma-confirmation024-L3-2-C-24041017,confirmation024-L3-2,L3,gemma4:e4b,C,24041017,completed,no,30.156000000002678,30.156000000002678,router_stopped,satisfied,False,,True,True,True,True,False,False,False,['no_grounded_semantic_review_receipt'],True,False,True,True,False,False,True,True,False,PASS,,,,0,False,True,True,True
confirmation,confirmation-gemma-confirmation024-L3-3-A-24041017,confirmation024-L3-3,L3,gemma4:e4b,A,24041017,completed,yes,130.96800000000803,130.96800000000803,router_stopped,satisfied,False,,True,True,False,False,False,False,False,"['missing_witness:document-3', 'no_grounded_semantic_review_receipt', 'wrong_canonical_decision']",True,False,True,True,False,False,True,True,False,PASS,True,,,0,True,True,True,True
confirmation,confirmation-gemma-confirmation024-L3-3-B-24041017,confirmation024-L3-3,L3,gemma4:e4b,B,24041017,completed,yes,93.78100000000268,93.78100000000268,router_stopped,satisfied,False,,True,True,True,True,False,False,False,['no_grounded_semantic_review_receipt'],True,False,True,True,False,False,True,True,False,PASS,True,,,0,False,True,True,True
confirmation,confirmation-gemma-confirmation024-L3-3-C-24041017,confirmation024-L3-3,L3,gemma4:e4b,C,24041017,completed,yes,32.187999999994645,32.187999999994645,router_stopped,satisfied,False,,True,True,True,True,False,False,False,['no_grounded_semantic_review_receipt'],True,False,True,True,False,False,True,True,False,PASS,,,,0,False,True,True,True
confirmation,confirmation-gemma-confirmation024-L3-6-A-24041017,confirmation024-L3-6,L3,gemma4:e4b,A,24041017,completed,unknown,136.63999999999942,136.63999999999942,router_stopped,blocked,False,,False,True,True,False,False,False,False,"['current_negative_check', 'missing_witness:document-3', 'no_grounded_semantic_review_receipt']",True,False,True,True,False,False,True,True,False,UNKNOWN,False,,,0,False,False,True,False
confirmation,confirmation-gemma-confirmation024-L3-6-B-24041017,confirmation024-L3-6,L3,gemma4:e4b,B,24041017,completed,unknown,163.65699999999197,163.65699999999197,router_stopped,blocked,False,,False,True,True,False,False,False,False,"['current_negative_check', 'missing_witness:document-3', 'no_grounded_semantic_review_receipt']",True,False,True,True,False,False,True,True,False,UNKNOWN,False,,,0,False,False,True,False
confirmation,confirmation-gemma-confirmation024-L3-6-C-24041017,confirmation024-L3-6,L3,gemma4:e4b,C,24041017,completed,unknown,30.547000000005937,30.547000000005937,router_stopped,satisfied,False,,True,True,True,False,False,False,False,"['missing_witness:document-3', 'no_grounded_semantic_review_receipt']",True,False,True,True,False,False,True,True,False,PASS,,,,0,True,False,True,True
confirmation,confirmation-gemma-confirmation024-L4-1-A-24041017,confirmation024-L4-1,L4,gemma4:e4b,A,24041017,completed,yes,110.56299999999464,110.56299999999464,router_stopped,satisfied,False,,True,True,True,True,False,False,False,['no_grounded_semantic_review_receipt'],True,False,True,True,False,False,True,True,False,PASS,True,,,0,False,True,True,True
confirmation,confirmation-gemma-confirmation024-L4-1-B-24041017,confirmation024-L4-1,L4,gemma4:e4b,B,24041017,completed,yes,122.10899999999674,122.10899999999674,router_stopped,blocked,False,,False,True,False,False,False,False,False,"['current_negative_check', 'missing_witness:document-1', 'no_grounded_semantic_review_receipt', 'wrong_canonical_decision']",True,False,True,True,False,False,True,True,False,UNKNOWN,False,,,0,False,True,True,False
confirmation,confirmation-gemma-confirmation024-L4-1-C-24041017,confirmation024-L4-1,L4,gemma4:e4b,C,24041017,completed,yes,32.65699999999197,32.65699999999197,router_stopped,satisfied,False,,True,True,False,False,False,False,False,"['missing_witness:document-2', 'no_grounded_semantic_review_receipt', 'wrong_canonical_decision']",True,False,True,True,False,False,True,True,False,PASS,,,,0,True,True,True,True
confirmation,confirmation-gemma-confirmation024-L4-2-A-24041017,confirmation024-L4-2,L4,gemma4:e4b,A,24041017,completed,no,121.42200000000594,121.42200000000594,router_stopped,blocked,False,,False,True,False,False,False,False,False,"['current_negative_check', 'no_grounded_semantic_review_receipt', 'wrong_canonical_decision']",True,False,True,True,False,False,True,True,False,UNKNOWN,False,,,0,False,True,True,False
confirmation,confirmation-gemma-confirmation024-L4-2-B-24041017,confirmation024-L4-2,L4,gemma4:e4b,B,24041017,completed,no,78.04700000000594,78.04700000000594,router_stopped,satisfied,False,,True,True,True,True,False,False,False,['no_grounded_semantic_review_receipt'],True,False,True,True,False,False,True,True,False,PASS,True,,,0,False,True,True,True
confirmation,confirmation-gemma-confirmation024-L4-2-C-24041017,confirmation024-L4-2,L4,gemma4:e4b,C,24041017,completed,no,31.0,31.0,router_stopped,satisfied,False,,True,True,False,False,False,False,False,"['missing_witness:document-2', 'no_grounded_semantic_review_receipt', 'wrong_canonical_decision']",True,False,True,True,False,False,True,True,False,PASS,,,,0,True,True,True,True
confirmation,confirmation-gemma-confirmation024-L4-3-A-24041017,confirmation024-L4-3,L4,gemma4:e4b,A,24041017,completed,yes,149.34400000001187,149.34400000001187,router_stopped,satisfied,False,,True,True,False,False,False,False,False,"['no_grounded_semantic_review_receipt', 'wrong_canonical_decision']",True,False,True,True,False,False,True,True,False,PASS,True,,,0,True,True,True,True
confirmation,confirmation-gemma-confirmation024-L4-3-B-24041017,confirmation024-L4-3,L4,gemma4:e4b,B,24041017,completed,yes,68.48399999999674,68.48399999999674,router_stopped,satisfied,False,,True,True,True,True,False,False,False,['no_grounded_semantic_review_receipt'],True,False,True,True,False,False,True,True,False,PASS,True,,,0,False,True,True,True
confirmation,confirmation-gemma-confirmation024-L4-3-C-24041017,confirmation024-L4-3,L4,gemma4:e4b,C,24041017,completed,yes,33.71899999999732,33.71899999999732,router_stopped,satisfied,False,,True,True,False,False,False,False,False,"['no_grounded_semantic_review_receipt', 'wrong_canonical_decision']",True,False,True,True,False,False,True,True,False,PASS,,,,0,True,True,True,True
confirmation,confirmation-gemma-confirmation024-L4-6-A-24041017,confirmation024-L4-6,L4,gemma4:e4b,A,24041017,completed,unknown,68.82799999999406,68.82799999999406,router_stopped,escalation_required,False,,False,True,True,False,False,False,False,"['current_negative_check', 'missing_witness:document-2', 'no_grounded_semantic_review_receipt']",True,False,True,True,False,False,True,True,False,UNKNOWN,False,,,0,False,False,True,False
confirmation,confirmation-gemma-confirmation024-L4-6-B-24041017,confirmation024-L4-6,L4,gemma4:e4b,B,24041017,completed,unknown,154.93799999999464,154.93799999999464,router_stopped,blocked,False,,False,True,True,True,False,False,True,"['current_negative_check', 'no_grounded_semantic_review_receipt']",True,False,True,True,False,False,True,True,False,UNKNOWN,False,,,0,False,False,True,False
confirmation,confirmation-gemma-confirmation024-L4-6-C-24041017,confirmation024-L4-6,L4,gemma4:e4b,C,24041017,completed,unknown,32.78100000000268,32.78100000000268,router_stopped,satisfied,False,,True,True,True,True,False,False,True,['no_grounded_semantic_review_receipt'],True,False,True,True,False,False,True,True,False,PASS,,,,0,False,False,True,True
confirmation,confirmation-qwen-confirmation024-L1-1-A-24041017,confirmation024-L1-1,L1,qwen3.6:35b-a3b,A,24041017,completed,yes,77.42200000000594,77.42200000000594,router_stopped,satisfied,False,,True,True,False,False,False,False,False,"['missing_witness:document-1', 'missing_witness:document-2', 'wrong_canonical_decision']",True,False,True,True,False,False,True,True,False,PASS,True,,,0,True,True,True,True
confirmation,confirmation-qwen-confirmation024-L1-1-B-24041017,confirmation024-L1-1,L1,qwen3.6:35b-a3b,B,24041017,completed,yes,161.59399999999732,161.59399999999732,router_stopped,escalation_required,False,,False,True,False,False,False,False,False,"['current_negative_check', 'fabricated_or_foreign_quote', 'missing_witness:document-1', 'missing_witness:document-2', 'no_grounded_semantic_review_receipt', 'wrong_canonical_decision']",True,False,True,True,False,False,True,True,False,PASS,False,,,0,True,True,True,False
confirmation,confirmation-qwen-confirmation024-L1-1-C-24041017,confirmation024-L1-1,L1,qwen3.6:35b-a3b,C,24041017,completed,yes,48.187999999994645,48.187999999994645,router_stopped,satisfied,False,,True,True,True,True,True,True,False,[],True,False,True,True,False,False,True,True,False,PASS,,,,0,False,False,True,False
confirmation,confirmation-qwen-confirmation024-L1-2-A-24041017,confirmation024-L1-2,L1,qwen3.6:35b-a3b,A,24041017,completed,no,88.48399999999674,88.48399999999674,router_stopped,satisfied,False,,True,True,False,False,False,False,False,"['missing_witness:document-2', 'wrong_canonical_decision']",True,False,True,True,False,False,True,True,False,PASS,True,,,0,True,True,True,True
confirmation,confirmation-qwen-confirmation024-L1-2-B-24041017,confirmation024-L1-2,L1,qwen3.6:35b-a3b,B,24041017,completed,no,95.21900000001187,95.21900000001187,router_stopped,satisfied,False,,True,True,True,True,True,True,False,[],True,False,True,True,False,False,True,True,False,PASS,True,,,0,False,False,True,False
confirmation,confirmation-qwen-confirmation024-L1-2-C-24041017,confirmation024-L1-2,L1,qwen3.6:35b-a3b,C,24041017,completed,no,54.171999999991385,54.171999999991385,router_stopped,satisfied,False,,True,True,True,True,True,True,False,[],True,False,True,True,False,False,True,True,False,PASS,,,,0,False,False,True,False
confirmation,confirmation-qwen-confirmation024-L1-3-A-24041017,confirmation024-L1-3,L1,qwen3.6:35b-a3b,A,24041017,completed,yes,88.31200000000536,88.31200000000536,router_stopped,satisfied,False,,True,True,False,False,False,False,False,"['missing_witness:document-2', 'wrong_canonical_decision']",True,False,True,True,False,False,True,True,False,PASS,True,,,0,True,True,True,True
confirmation,confirmation-qwen-confirmation024-L1-3-B-24041017,confirmation024-L1-3,L1,qwen3.6:35b-a3b,B,24041017,completed,yes,100.40600000000268,100.40600000000268,router_stopped,satisfied,False,,True,True,True,True,True,True,False,[],True,False,True,True,False,False,True,True,False,PASS,True,,,0,False,False,True,False
confirmation,confirmation-qwen-confirmation024-L1-3-C-24041017,confirmation024-L1-3,L1,qwen3.6:35b-a3b,C,24041017,completed,yes,45.46799999999348,45.46799999999348,router_stopped,satisfied,False,,True,True,True,True,True,True,False,[],True,False,True,True,False,False,True,True,False,PASS,,,,0,False,False,True,False
confirmation,confirmation-qwen-confirmation024-L1-6-A-24041017,confirmation024-L1-6,L1,qwen3.6:35b-a3b,A,24041017,completed,unknown,87.1869999999908,87.1869999999908,router_stopped,satisfied,False,,True,True,True,False,False,False,False,['missing_witness:document-2'],True,False,True,True,False,False,True,True,False,PASS,True,,,0,True,False,True,True
confirmation,confirmation-qwen-confirmation024-L1-6-B-24041017,confirmation024-L1-6,L1,qwen3.6:35b-a3b,B,24041017,completed,unknown,103.13999999999942,103.13999999999942,router_stopped,satisfied,False,,True,True,True,False,False,False,False,['missing_witness:document-1'],True,False,True,True,False,False,True,True,False,PASS,True,,,0,True,False,True,True
confirmation,confirmation-qwen-confirmation024-L1-6-C-24041017,confirmation024-L1-6,L1,qwen3.6:35b-a3b,C,24041017,completed,unknown,47.96899999999732,47.96899999999732,router_stopped,satisfied,False,,True,True,True,False,False,False,False,['missing_witness:document-1'],True,False,True,True,False,False,True,True,False,PASS,,,,0,True,False,True,True
confirmation,confirmation-qwen-confirmation024-L2-1-A-24041017,confirmation024-L2-1,L2,qwen3.6:35b-a3b,A,24041017,completed,yes,130.40599999998813,130.40599999998813,router_stopped,satisfied,False,,True,True,False,False,False,False,False,"['insufficient_independent_origins', 'missing_witness:document-2', 'missing_witness:document-4', 'wrong_canonical_decision']",True,False,True,True,False,False,True,True,False,PASS,True,,,0,True,True,True,True
confirmation,confirmation-qwen-confirmation024-L2-1-B-24041017,confirmation024-L2-1,L2,qwen3.6:35b-a3b,B,24041017,completed,yes,86.71899999999732,86.71899999999732,router_stopped,satisfied,False,,True,True,True,True,True,True,False,[],True,False,True,True,False,False,True,True,False,PASS,True,,,0,False,False,True,False
confirmation,confirmation-qwen-confirmation024-L2-1-C-24041017,confirmation024-L2-1,L2,qwen3.6:35b-a3b,C,24041017,completed,yes,60.703999999997905,60.703999999997905,router_stopped,satisfied,False,,True,True,True,True,True,True,False,[],True,False,True,True,False,False,True,True,False,PASS,,,,0,False,False,True,False
confirmation,confirmation-qwen-confirmation024-L2-2-A-24041017,confirmation024-L2-2,L2,qwen3.6:35b-a3b,A,24041017,completed,no,74.40600000000268,74.40600000000268,router_stopped,satisfied,False,,True,True,False,False,False,False,False,"['insufficient_independent_origins', 'missing_witness:document-4', 'wrong_canonical_decision']",True,False,True,True,False,False,True,True,False,PASS,True,,,0,True,True,True,True
confirmation,confirmation-qwen-confirmation024-L2-2-B-24041017,confirmation024-L2-2,L2,qwen3.6:35b-a3b,B,24041017,completed,no,188.125,188.125,router_stopped,satisfied,False,,True,True,False,False,False,False,False,"['missing_witness:document-4', 'wrong_canonical_decision']",True,False,True,True,False,False,True,True,False,PASS,True,,,0,True,True,True,True
confirmation,confirmation-qwen-confirmation024-L2-2-C-24041017,confirmation024-L2-2,L2,qwen3.6:35b-a3b,C,24041017,completed,no,61.21899999999732,61.21899999999732,router_stopped,satisfied,False,,True,True,True,True,True,True,False,[],True,False,True,True,False,False,True,True,False,PASS,,,,0,False,False,True,False
confirmation,confirmation-qwen-confirmation024-L2-3-A-24041017,confirmation024-L2-3,L2,qwen3.6:35b-a3b,A,24041017,completed,yes,66.23500000000058,66.23500000000058,router_stopped,satisfied,False,,True,True,False,False,False,False,False,"['insufficient_independent_origins', 'missing_witness:document-2', 'missing_witness:document-5', 'wrong_canonical_decision']",True,False,True,True,False,False,True,True,False,PASS,True,,,0,True,True,True,True
confirmation,confirmation-qwen-confirmation024-L2-3-B-24041017,confirmation024-L2-3,L2,qwen3.6:35b-a3b,B,24041017,completed,yes,128.43799999999464,128.43799999999464,router_stopped,satisfied,False,,True,True,True,True,True,True,False,[],True,False,True,True,False,False,True,True,False,PASS,True,,,0,False,False,True,False
confirmation,confirmation-qwen-confirmation024-L2-3-C-24041017,confirmation024-L2-3,L2,qwen3.6:35b-a3b,C,24041017,completed,yes,119.09399999999732,119.09399999999732,router_stopped,satisfied,False,,True,True,False,False,False,False,False,['wrong_canonical_decision'],True,False,True,True,False,False,True,True,False,PASS,,,,0,True,True,True,True
confirmation,confirmation-qwen-confirmation024-L2-6-A-24041017,confirmation024-L2-6,L2,qwen3.6:35b-a3b,A,24041017,completed,unknown,72.42199999999139,72.42199999999139,router_stopped,satisfied,False,,True,True,True,False,False,False,False,"['insufficient_independent_origins', 'missing_witness:document-2', 'missing_witness:document-4']",True,False,True,True,False,False,True,True,False,PASS,True,,,0,True,False,True,True
confirmation,confirmation-qwen-confirmation024-L2-6-B-24041017,confirmation024-L2-6,L2,qwen3.6:35b-a3b,B,24041017,completed,unknown,113.14100000000326,113.14100000000326,router_stopped,satisfied,False,,True,True,False,False,False,False,False,"['insufficient_independent_origins', 'missing_witness:document-2', 'wrong_canonical_decision']",True,False,True,True,False,False,True,True,False,PASS,True,,,0,True,False,True,True
confirmation,confirmation-qwen-confirmation024-L2-6-C-24041017,confirmation024-L2-6,L2,qwen3.6:35b-a3b,C,24041017,completed,unknown,53.578000000008615,53.578000000008615,router_stopped,satisfied,False,,True,True,False,False,False,False,False,"['insufficient_independent_origins', 'missing_witness:document-2', 'wrong_canonical_decision']",True,False,True,True,False,False,True,True,False,PASS,,,,0,True,False,True,True
confirmation,confirmation-qwen-confirmation024-L3-1-A-24041017,confirmation024-L3-1,L3,qwen3.6:35b-a3b,A,24041017,completed,yes,73.29699999999139,73.29699999999139,router_stopped,satisfied,False,,True,True,False,False,False,False,False,"['missing_witness:document-3', 'wrong_canonical_decision']",True,False,True,True,False,False,True,True,False,PASS,True,,,0,True,True,True,True
confirmation,confirmation-qwen-confirmation024-L3-1-B-24041017,confirmation024-L3-1,L3,qwen3.6:35b-a3b,B,24041017,completed,yes,128.04699999999139,128.04699999999139,router_stopped,satisfied,False,,True,True,True,True,True,True,False,[],True,False,True,True,False,False,True,True,False,PASS,True,,,0,False,False,True,False
confirmation,confirmation-qwen-confirmation024-L3-1-C-24041017,confirmation024-L3-1,L3,qwen3.6:35b-a3b,C,24041017,completed,yes,56.453000000008615,56.453000000008615,router_stopped,satisfied,False,,True,True,True,True,True,True,False,[],True,False,True,True,False,False,True,True,False,PASS,,,,0,False,False,True,False
confirmation,confirmation-qwen-confirmation024-L3-2-A-24041017,confirmation024-L3-2,L3,qwen3.6:35b-a3b,A,24041017,completed,no,70.57800000000861,70.57800000000861,router_stopped,satisfied,False,,True,True,False,False,False,False,False,"['missing_witness:document-3', 'wrong_canonical_decision']",True,False,True,True,False,False,True,True,False,PASS,True,,,0,True,True,True,True
confirmation,confirmation-qwen-confirmation024-L3-2-B-24041017,confirmation024-L3-2,L3,qwen3.6:35b-a3b,B,24041017,completed,no,108.79700000000594,108.79700000000594,router_stopped,satisfied,False,,True,True,True,True,True,True,False,[],True,False,True,True,False,False,True,True,False,PASS,True,,,0,False,False,True,False
confirmation,confirmation-qwen-confirmation024-L3-2-C-24041017,confirmation024-L3-2,L3,qwen3.6:35b-a3b,C,24041017,completed,no,44.65699999999197,44.65699999999197,router_stopped,satisfied,False,,True,True,True,False,False,False,False,['missing_witness:document-1'],True,False,True,True,False,False,True,True,False,PASS,,,,0,True,True,True,True
confirmation,confirmation-qwen-confirmation024-L3-3-A-24041017,confirmation024-L3-3,L3,qwen3.6:35b-a3b,A,24041017,completed,yes,88.79699999999139,88.79699999999139,router_stopped,satisfied,False,,True,True,False,False,False,False,False,"['missing_witness:document-3', 'wrong_canonical_decision']",True,False,True,True,False,False,True,True,False,PASS,True,,,0,True,True,True,True
confirmation,confirmation-qwen-confirmation024-L3-3-B-24041017,confirmation024-L3-3,L3,qwen3.6:35b-a3b,B,24041017,completed,yes,126.46899999999732,126.46899999999732,router_stopped,satisfied,False,,True,True,True,True,True,True,False,[],True,False,True,True,False,False,True,True,False,PASS,True,,,0,False,False,True,False
confirmation,confirmation-qwen-confirmation024-L3-3-C-24041017,confirmation024-L3-3,L3,qwen3.6:35b-a3b,C,24041017,completed,yes,60.453000000008615,60.453000000008615,router_stopped,satisfied,False,,True,True,True,True,True,True,False,[],True,False,True,True,False,False,True,True,False,PASS,,,,0,False,False,True,False
confirmation,confirmation-qwen-confirmation024-L3-6-A-24041017,confirmation024-L3-6,L3,qwen3.6:35b-a3b,A,24041017,completed,unknown,66.76600000000326,66.76600000000326,router_stopped,satisfied,False,,True,True,True,False,False,False,False,['missing_witness:document-3'],True,False,True,True,False,False,True,True,False,PASS,True,,,0,True,False,True,True
confirmation,confirmation-qwen-confirmation024-L3-6-B-24041017,confirmation024-L3-6,L3,qwen3.6:35b-a3b,B,24041017,completed,unknown,114.64099999998871,114.64099999998871,router_stopped,satisfied,False,,True,True,True,False,False,False,False,['missing_witness:document-3'],True,False,True,True,False,False,True,True,False,PASS,True,,,0,True,False,True,True
confirmation,confirmation-qwen-confirmation024-L3-6-C-24041017,confirmation024-L3-6,L3,qwen3.6:35b-a3b,C,24041017,completed,unknown,52.969000000011874,52.969000000011874,router_stopped,satisfied,False,,True,True,True,False,False,False,False,['missing_witness:document-3'],True,False,True,True,False,False,True,True,False,PASS,,,,0,True,False,True,True
confirmation,confirmation-qwen-confirmation024-L4-1-A-24041017,confirmation024-L4-1,L4,qwen3.6:35b-a3b,A,24041017,completed,yes,65.46899999999732,65.46899999999732,router_stopped,satisfied,False,,True,True,False,False,False,False,False,"['missing_witness:document-1', 'missing_witness:document-2', 'wrong_canonical_decision']",True,False,True,True,False,False,True,True,False,PASS,True,,,0,True,True,True,True
confirmation,confirmation-qwen-confirmation024-L4-1-B-24041017,confirmation024-L4-1,L4,qwen3.6:35b-a3b,B,24041017,completed,yes,109.28099999998813,109.28099999998813,router_stopped,satisfied,False,,True,True,True,True,True,True,False,[],True,False,True,True,False,False,True,True,False,PASS,True,,,0,False,False,True,False
confirmation,confirmation-qwen-confirmation024-L4-1-C-24041017,confirmation024-L4-1,L4,qwen3.6:35b-a3b,C,24041017,completed,yes,47.79700000000594,47.79700000000594,router_stopped,satisfied,False,,True,True,True,False,False,False,False,['missing_witness:document-1'],True,False,True,True,False,False,True,True,False,PASS,,,,0,True,True,True,True
confirmation,confirmation-qwen-confirmation024-L4-2-A-24041017,confirmation024-L4-2,L4,qwen3.6:35b-a3b,A,24041017,completed,no,63.5,63.5,router_stopped,satisfied,False,,True,True,False,False,False,False,False,"['missing_witness:document-1', 'missing_witness:document-2', 'wrong_canonical_decision']",True,False,True,True,False,False,True,True,False,PASS,True,,,0,True,True,True,True
confirmation,confirmation-qwen-confirmation024-L4-2-B-24041017,confirmation024-L4-2,L4,qwen3.6:35b-a3b,B,24041017,completed,no,103.46899999999732,103.46899999999732,router_stopped,satisfied,False,,True,True,True,True,True,True,False,[],True,False,True,True,False,False,True,True,False,PASS,True,,,0,False,False,True,False
confirmation,confirmation-qwen-confirmation024-L4-2-C-24041017,confirmation024-L4-2,L4,qwen3.6:35b-a3b,C,24041017,completed,no,46.07799999999406,46.07799999999406,router_stopped,satisfied,False,,True,True,True,True,True,True,False,[],True,False,True,True,False,False,True,True,False,PASS,,,,0,False,False,True,False
confirmation,confirmation-qwen-confirmation024-L4-3-A-24041017,confirmation024-L4-3,L4,qwen3.6:35b-a3b,A,24041017,completed,yes,61.29700000000594,61.29700000000594,router_stopped,satisfied,False,,True,True,False,False,False,False,False,"['missing_witness:document-2', 'wrong_canonical_decision']",True,False,True,True,False,False,True,True,False,PASS,True,,,0,True,True,True,True
confirmation,confirmation-qwen-confirmation024-L4-3-B-24041017,confirmation024-L4-3,L4,qwen3.6:35b-a3b,B,24041017,completed,yes,104.34399999999732,104.34399999999732,router_stopped,satisfied,False,,True,True,True,True,True,True,False,[],True,False,True,True,False,False,True,True,False,PASS,True,,,0,False,False,True,False
confirmation,confirmation-qwen-confirmation024-L4-3-C-24041017,confirmation024-L4-3,L4,qwen3.6:35b-a3b,C,24041017,completed,yes,52.98500000000058,52.98500000000058,router_stopped,satisfied,False,,True,True,True,True,True,True,False,[],True,False,True,True,False,False,True,True,False,PASS,,,,0,False,False,True,False
confirmation,confirmation-qwen-confirmation024-L4-6-A-24041017,confirmation024-L4-6,L4,qwen3.6:35b-a3b,A,24041017,completed,unknown,62.4380000000092,62.4380000000092,router_stopped,satisfied,False,,True,True,True,False,False,False,False,['missing_witness:document-2'],True,False,True,True,False,False,True,True,False,PASS,True,,,0,True,False,True,True
confirmation,confirmation-qwen-confirmation024-L4-6-B-24041017,confirmation024-L4-6,L4,qwen3.6:35b-a3b,B,24041017,completed,unknown,112.51499999999942,112.51499999999942,router_stopped,satisfied,False,,True,True,True,True,True,True,True,[],True,False,True,True,False,False,True,True,False,PASS,True,,,0,False,False,True,False
confirmation,confirmation-qwen-confirmation024-L4-6-C-24041017,confirmation024-L4-6,L4,qwen3.6:35b-a3b,C,24041017,completed,unknown,56.46899999999732,56.46899999999732,router_stopped,satisfied,False,,True,True,True,True,True,True,True,[],True,False,True,True,False,False,True,True,False,PASS,,,,0,False,False,True,False
pilot,pilot-gemma-development024-L1-1-A-24041003,development024-L1-1,L1,gemma4:e4b,A,24041003,completed,yes,57.3130000000092,57.3130000000092,router_stopped,satisfied,False,,True,True,False,False,False,False,False,"['missing_witness:document-2', 'no_grounded_semantic_review_receipt', 'wrong_canonical_decision']",True,False,True,True,False,False,True,True,False,PASS,True,,,0,True,True,True,True
pilot,pilot-gemma-development024-L1-1-B-24041003,development024-L1-1,L1,gemma4:e4b,B,24041003,completed,yes,71.875,71.875,router_stopped,satisfied,False,,True,True,True,True,False,False,False,['no_grounded_semantic_review_receipt'],True,False,True,True,False,False,True,True,False,PASS,True,,,0,False,True,True,True
pilot,pilot-gemma-development024-L1-1-C-24041003,development024-L1-1,L1,gemma4:e4b,C,24041003,completed,yes,29.422000000005937,29.422000000005937,router_stopped,satisfied,False,,True,True,True,True,False,False,False,['no_grounded_semantic_review_receipt'],True,False,True,True,False,False,True,True,False,PASS,,,,0,False,True,True,True
pilot,pilot-gemma-development024-L2-1-A-24041003,development024-L2-1,L2,gemma4:e4b,A,24041003,completed,yes,120.6880000000092,120.6880000000092,router_stopped,satisfied,False,,True,True,True,True,False,False,False,['no_grounded_semantic_review_receipt'],True,False,True,True,False,False,True,True,False,PASS,True,,,0,False,True,True,True
pilot,pilot-gemma-development024-L2-1-B-24041003,development024-L2-1,L2,gemma4:e4b,B,24041003,completed,yes,69.46899999999732,69.46899999999732,router_stopped,satisfied,False,,True,True,True,True,False,False,False,['no_grounded_semantic_review_receipt'],True,False,True,True,False,False,True,True,False,PASS,True,,,0,False,True,True,True
pilot,pilot-gemma-development024-L2-1-C-24041003,development024-L2-1,L2,gemma4:e4b,C,24041003,completed,yes,32.11000000000058,32.11000000000058,router_stopped,satisfied,False,,True,True,True,False,False,False,False,"['insufficient_independent_origins', 'missing_witness:document-2', 'missing_witness:document-4', 'no_grounded_semantic_review_receipt']",True,False,True,True,False,False,True,True,False,PASS,,,,0,True,True,True,True
pilot,pilot-gemma-development024-L3-1-A-24041003,development024-L3-1,L3,gemma4:e4b,A,24041003,completed,yes,138.68799999999464,138.68799999999464,router_stopped,blocked,False,,False,True,False,False,False,False,False,"['current_negative_check', 'missing_witness:document-3', 'no_grounded_semantic_review_receipt', 'wrong_canonical_decision']",True,False,True,True,False,False,True,True,False,UNKNOWN,False,,,0,False,True,True,False
pilot,pilot-gemma-development024-L3-1-B-24041003,development024-L3-1,L3,gemma4:e4b,B,24041003,completed,yes,75.86000000000058,75.86000000000058,router_stopped,satisfied,False,,True,True,True,True,False,False,False,['no_grounded_semantic_review_receipt'],True,False,True,True,False,False,True,True,False,PASS,True,,,0,False,True,True,True
pilot,pilot-gemma-development024-L3-1-C-24041003,development024-L3-1,L3,gemma4:e4b,C,24041003,completed,yes,33.67200000000594,33.67200000000594,router_stopped,satisfied,False,,True,True,True,True,False,False,False,['no_grounded_semantic_review_receipt'],True,False,True,True,False,False,True,True,False,PASS,,,,0,False,True,True,True
pilot,pilot-gemma-development024-L4-1-A-24041003,development024-L4-1,L4,gemma4:e4b,A,24041003,completed,unknown,130.10899999999674,130.10899999999674,router_stopped,blocked,False,,False,True,True,True,False,False,True,"['current_negative_check', 'no_grounded_semantic_review_receipt']",True,False,True,True,False,False,True,True,False,UNKNOWN,False,,,0,False,False,True,False
pilot,pilot-gemma-development024-L4-1-B-24041003,development024-L4-1,L4,gemma4:e4b,B,24041003,completed,unknown,65.43799999999464,65.43799999999464,router_stopped,satisfied,False,,True,True,True,True,False,False,True,['no_grounded_semantic_review_receipt'],True,False,True,True,False,False,True,True,False,PASS,True,,,0,False,False,True,True
pilot,pilot-gemma-development024-L4-1-C-24041003,development024-L4-1,L4,gemma4:e4b,C,24041003,completed,unknown,33.0,33.0,router_stopped,satisfied,False,,True,True,True,True,False,False,True,['no_grounded_semantic_review_receipt'],True,False,True,True,False,False,True,True,False,PASS,,,,0,False,False,True,True
pilot,pilot-qwen-development024-L1-1-A-24041003,development024-L1-1,L1,qwen3.6:35b-a3b,A,24041003,completed,yes,69.64100000000326,69.64100000000326,router_stopped,satisfied,False,,True,True,False,False,False,False,False,"['missing_witness:document-1', 'missing_witness:document-2', 'wrong_canonical_decision']",True,False,True,True,False,False,True,True,False,PASS,True,,,0,True,True,True,True
pilot,pilot-qwen-development024-L1-1-B-24041003,development024-L1-1,L1,qwen3.6:35b-a3b,B,24041003,completed,yes,112.21899999999732,112.21899999999732,router_stopped,blocked,False,schema_error,False,True,True,True,False,False,False,['no_grounded_semantic_review_receipt'],True,False,True,True,False,False,True,True,False,,False,,,0,False,True,True,False
pilot,pilot-qwen-development024-L1-1-C-24041003,development024-L1-1,L1,qwen3.6:35b-a3b,C,24041003,completed,yes,44.64100000000326,44.64100000000326,router_stopped,satisfied,False,,True,True,True,True,True,True,False,[],True,False,True,True,False,False,True,True,False,PASS,,,,0,False,False,True,False
pilot,pilot-qwen-development024-L2-1-A-24041003,development024-L2-1,L2,qwen3.6:35b-a3b,A,24041003,completed,yes,100.59399999999732,100.59399999999732,router_stopped,satisfied,False,,True,True,False,False,False,False,False,"['insufficient_independent_origins', 'missing_witness:document-2', 'missing_witness:document-4', 'wrong_canonical_decision']",True,False,True,True,False,False,True,True,False,PASS,True,,,0,True,True,True,True
pilot,pilot-qwen-development024-L2-1-B-24041003,development024-L2-1,L2,qwen3.6:35b-a3b,B,24041003,completed,yes,148.35899999999674,148.35899999999674,router_stopped,satisfied,False,,True,True,False,False,False,False,False,['wrong_canonical_decision'],True,False,True,True,False,False,True,True,False,PASS,True,,,0,True,True,True,True
pilot,pilot-qwen-development024-L2-1-C-24041003,development024-L2-1,L2,qwen3.6:35b-a3b,C,24041003,completed,yes,52.671999999991385,52.671999999991385,router_stopped,satisfied,False,,True,True,True,True,True,True,False,[],True,False,True,True,False,False,True,True,False,PASS,,,,0,False,False,True,False
pilot,pilot-qwen-development024-L3-1-A-24041003,development024-L3-1,L3,qwen3.6:35b-a3b,A,24041003,completed,yes,173.54700000000594,173.54700000000594,router_stopped,satisfied,False,,True,True,False,False,False,False,False,"['missing_witness:document-3', 'wrong_canonical_decision']",True,False,True,True,False,False,True,True,False,PASS,True,,,0,True,True,True,True
pilot,pilot-qwen-development024-L3-1-B-24041003,development024-L3-1,L3,qwen3.6:35b-a3b,B,24041003,completed,yes,118.86000000000058,118.86000000000058,router_stopped,satisfied,False,,True,True,True,True,True,True,False,[],True,False,True,True,False,False,True,True,False,PASS,True,,,0,False,False,True,False
pilot,pilot-qwen-development024-L3-1-C-24041003,development024-L3-1,L3,qwen3.6:35b-a3b,C,24041003,completed,yes,48.46899999999732,48.46899999999732,router_stopped,satisfied,False,,True,True,True,True,True,True,False,[],True,False,True,True,False,False,True,True,False,PASS,,,,0,False,False,True,False
pilot,pilot-qwen-development024-L4-1-A-24041003,development024-L4-1,L4,qwen3.6:35b-a3b,A,24041003,completed,unknown,77.73500000000058,77.73500000000058,router_stopped,satisfied,False,,True,True,True,False,False,False,False,['missing_witness:document-2'],True,False,True,True,False,False,True,True,False,PASS,True,,,0,True,False,True,True
pilot,pilot-qwen-development024-L4-1-B-24041003,development024-L4-1,L4,qwen3.6:35b-a3b,B,24041003,completed,unknown,113.56200000000536,113.56200000000536,router_stopped,satisfied,False,,True,True,True,False,False,False,False,['missing_witness:document-1'],True,False,True,True,False,False,True,True,False,PASS,True,,,0,True,False,True,True
pilot,pilot-qwen-development024-L4-1-C-24041003,development024-L4-1,L4,qwen3.6:35b-a3b,C,24041003,completed,unknown,47.828000000008615,47.828000000008615,router_stopped,satisfied,False,,True,True,True,True,True,True,True,[],True,False,True,True,False,False,True,True,False,PASS,,,,0,False,False,True,False
sensitivity-bounded,sensitivity-bounded-gemma-confirmation024-L1-1-A-24041017,confirmation024-L1-1,L1,gemma4:e4b,A,24041017,unexecuted_no_terminal_record,yes,,,,,False,,False,False,,,,False,False,['unexecuted_no_terminal_record'],False,True,False,False,False,False,False,False,False,,,,,0,False,False,False,
sensitivity-bounded,sensitivity-bounded-gemma-confirmation024-L1-1-B-24041017,confirmation024-L1-1,L1,gemma4:e4b,B,24041017,unexecuted_no_terminal_record,yes,,,,,False,,False,False,,,,False,False,['unexecuted_no_terminal_record'],False,True,False,False,False,False,False,False,False,,,,,0,False,False,False,
sensitivity-bounded,sensitivity-bounded-gemma-confirmation024-L1-6-A-24041017,confirmation024-L1-6,L1,gemma4:e4b,A,24041017,unexecuted_no_terminal_record,unknown,,,,,False,,False,False,,,,False,False,['unexecuted_no_terminal_record'],False,True,False,False,False,False,False,False,False,,,,,0,False,False,False,
sensitivity-bounded,sensitivity-bounded-gemma-confirmation024-L1-6-B-24041017,confirmation024-L1-6,L1,gemma4:e4b,B,24041017,unexecuted_no_terminal_record,unknown,,,,,False,,False,False,,,,False,False,['unexecuted_no_terminal_record'],False,True,False,False,False,False,False,False,False,,,,,0,False,False,False,
sensitivity-bounded,sensitivity-bounded-gemma-confirmation024-L2-1-A-24041017,confirmation024-L2-1,L2,gemma4:e4b,A,24041017,unexecuted_no_terminal_record,yes,,,,,False,,False,False,,,,False,False,['unexecuted_no_terminal_record'],False,True,False,False,False,False,False,False,False,,,,,0,False,False,False,
sensitivity-bounded,sensitivity-bounded-gemma-confirmation024-L2-1-B-24041017,confirmation024-L2-1,L2,gemma4:e4b,B,24041017,unexecuted_no_terminal_record,yes,,,,,False,,False,False,,,,False,False,['unexecuted_no_terminal_record'],False,True,False,False,False,False,False,False,False,,,,,0,False,False,False,
sensitivity-bounded,sensitivity-bounded-gemma-confirmation024-L2-6-A-24041017,confirmation024-L2-6,L2,gemma4:e4b,A,24041017,unexecuted_no_terminal_record,unknown,,,,,False,,False,False,,,,False,False,['unexecuted_no_terminal_record'],False,True,False,False,False,False,False,False,False,,,,,0,False,False,False,
sensitivity-bounded,sensitivity-bounded-gemma-confirmation024-L2-6-B-24041017,confirmation024-L2-6,L2,gemma4:e4b,B,24041017,unexecuted_no_terminal_record,unknown,,,,,False,,False,False,,,,False,False,['unexecuted_no_terminal_record'],False,True,False,False,False,False,False,False,False,,,,,0,False,False,False,
sensitivity-bounded,sensitivity-bounded-gemma-confirmation024-L3-1-A-24041017,confirmation024-L3-1,L3,gemma4:e4b,A,24041017,unexecuted_no_terminal_record,yes,,,,,False,,False,False,,,,False,False,['unexecuted_no_terminal_record'],False,True,False,False,False,False,False,False,False,,,,,0,False,False,False,
sensitivity-bounded,sensitivity-bounded-gemma-confirmation024-L3-1-B-24041017,confirmation024-L3-1,L3,gemma4:e4b,B,24041017,unexecuted_no_terminal_record,yes,,,,,False,,False,False,,,,False,False,['unexecuted_no_terminal_record'],False,True,False,False,False,False,False,False,False,,,,,0,False,False,False,
sensitivity-bounded,sensitivity-bounded-gemma-confirmation024-L3-6-A-24041017,confirmation024-L3-6,L3,gemma4:e4b,A,24041017,unexecuted_no_terminal_record,unknown,,,,,False,,False,False,,,,False,False,['unexecuted_no_terminal_record'],False,True,False,False,False,False,False,False,False,,,,,0,False,False,False,
sensitivity-bounded,sensitivity-bounded-gemma-confirmation024-L3-6-B-24041017,confirmation024-L3-6,L3,gemma4:e4b,B,24041017,unexecuted_no_terminal_record,unknown,,,,,False,,False,False,,,,False,False,['unexecuted_no_terminal_record'],False,True,False,False,False,False,False,False,False,,,,,0,False,False,False,
sensitivity-bounded,sensitivity-bounded-gemma-confirmation024-L4-1-A-24041017,confirmation024-L4-1,L4,gemma4:e4b,A,24041017,unexecuted_no_terminal_record,yes,,,,,False,,False,False,,,,False,False,['unexecuted_no_terminal_record'],False,True,False,False,False,False,False,False,False,,,,,0,False,False,False,
sensitivity-bounded,sensitivity-bounded-gemma-confirmation024-L4-1-B-24041017,confirmation024-L4-1,L4,gemma4:e4b,B,24041017,unexecuted_no_terminal_record,yes,,,,,False,,False,False,,,,False,False,['unexecuted_no_terminal_record'],False,True,False,False,False,False,False,False,False,,,,,0,False,False,False,
sensitivity-bounded,sensitivity-bounded-gemma-confirmation024-L4-6-A-24041017,confirmation024-L4-6,L4,gemma4:e4b,A,24041017,unexecuted_no_terminal_record,unknown,,,,,False,,False,False,,,,False,False,['unexecuted_no_terminal_record'],False,True,False,False,False,False,False,False,False,,,,,0,False,False,False,
sensitivity-bounded,sensitivity-bounded-gemma-confirmation024-L4-6-B-24041017,confirmation024-L4-6,L4,gemma4:e4b,B,24041017,unexecuted_no_terminal_record,unknown,,,,,False,,False,False,,,,False,False,['unexecuted_no_terminal_record'],False,True,False,False,False,False,False,False,False,,,,,0,False,False,False,
sensitivity-bounded,sensitivity-bounded-qwen-confirmation024-L1-1-A-24041017,confirmation024-L1-1,L1,qwen3.6:35b-a3b,A,24041017,unexecuted_no_terminal_record,yes,,,,,False,,False,False,,,,False,False,['unexecuted_no_terminal_record'],False,True,False,False,False,False,False,False,False,,,,,0,False,False,False,
sensitivity-bounded,sensitivity-bounded-qwen-confirmation024-L1-1-B-24041017,confirmation024-L1-1,L1,qwen3.6:35b-a3b,B,24041017,unexecuted_no_terminal_record,yes,,,,,False,,False,False,,,,False,False,['unexecuted_no_terminal_record'],False,True,False,False,False,False,False,False,False,,,,,0,False,False,False,
sensitivity-bounded,sensitivity-bounded-qwen-confirmation024-L1-6-A-24041017,confirmation024-L1-6,L1,qwen3.6:35b-a3b,A,24041017,unexecuted_no_terminal_record,unknown,,,,,False,,False,False,,,,False,False,['unexecuted_no_terminal_record'],False,True,False,False,False,False,False,False,False,,,,,0,False,False,False,
sensitivity-bounded,sensitivity-bounded-qwen-confirmation024-L1-6-B-24041017,confirmation024-L1-6,L1,qwen3.6:35b-a3b,B,24041017,unexecuted_no_terminal_record,unknown,,,,,False,,False,False,,,,False,False,['unexecuted_no_terminal_record'],False,True,False,False,False,False,False,False,False,,,,,0,False,False,False,
sensitivity-bounded,sensitivity-bounded-qwen-confirmation024-L2-1-A-24041017,confirmation024-L2-1,L2,qwen3.6:35b-a3b,A,24041017,unexecuted_no_terminal_record,yes,,,,,False,,False,False,,,,False,False,['unexecuted_no_terminal_record'],False,True,False,False,False,False,False,False,False,,,,,0,False,False,False,
sensitivity-bounded,sensitivity-bounded-qwen-confirmation024-L2-1-B-24041017,confirmation024-L2-1,L2,qwen3.6:35b-a3b,B,24041017,unexecuted_no_terminal_record,yes,,,,,False,,False,False,,,,False,False,['unexecuted_no_terminal_record'],False,True,False,False,False,False,False,False,False,,,,,0,False,False,False,
sensitivity-bounded,sensitivity-bounded-qwen-confirmation024-L2-6-A-24041017,confirmation024-L2-6,L2,qwen3.6:35b-a3b,A,24041017,unexecuted_no_terminal_record,unknown,,,,,False,,False,False,,,,False,False,['unexecuted_no_terminal_record'],False,True,False,False,False,False,False,False,False,,,,,0,False,False,False,
sensitivity-bounded,sensitivity-bounded-qwen-confirmation024-L2-6-B-24041017,confirmation024-L2-6,L2,qwen3.6:35b-a3b,B,24041017,unexecuted_no_terminal_record,unknown,,,,,False,,False,False,,,,False,False,['unexecuted_no_terminal_record'],False,True,False,False,False,False,False,False,False,,,,,0,False,False,False,
sensitivity-bounded,sensitivity-bounded-qwen-confirmation024-L3-1-A-24041017,confirmation024-L3-1,L3,qwen3.6:35b-a3b,A,24041017,unexecuted_no_terminal_record,yes,,,,,False,,False,False,,,,False,False,['unexecuted_no_terminal_record'],False,True,False,False,False,False,False,False,False,,,,,0,False,False,False,
sensitivity-bounded,sensitivity-bounded-qwen-confirmation024-L3-1-B-24041017,confirmation024-L3-1,L3,qwen3.6:35b-a3b,B,24041017,unexecuted_no_terminal_record,yes,,,,,False,,False,False,,,,False,False,['unexecuted_no_terminal_record'],False,True,False,False,False,False,False,False,False,,,,,0,False,False,False,
sensitivity-bounded,sensitivity-bounded-qwen-confirmation024-L3-6-A-24041017,confirmation024-L3-6,L3,qwen3.6:35b-a3b,A,24041017,unexecuted_no_terminal_record,unknown,,,,,False,,False,False,,,,False,False,['unexecuted_no_terminal_record'],False,True,False,False,False,False,False,False,False,,,,,0,False,False,False,
sensitivity-bounded,sensitivity-bounded-qwen-confirmation024-L3-6-B-24041017,confirmation024-L3-6,L3,qwen3.6:35b-a3b,B,24041017,unexecuted_no_terminal_record,unknown,,,,,False,,False,False,,,,False,False,['unexecuted_no_terminal_record'],False,True,False,False,False,False,False,False,False,,,,,0,False,False,False,
sensitivity-bounded,sensitivity-bounded-qwen-confirmation024-L4-1-A-24041017,confirmation024-L4-1,L4,qwen3.6:35b-a3b,A,24041017,unexecuted_no_terminal_record,yes,,,,,False,,False,False,,,,False,False,['unexecuted_no_terminal_record'],False,True,False,False,False,False,False,False,False,,,,,0,False,False,False,
sensitivity-bounded,sensitivity-bounded-qwen-confirmation024-L4-1-B-24041017,confirmation024-L4-1,L4,qwen3.6:35b-a3b,B,24041017,unexecuted_no_terminal_record,yes,,,,,False,,False,False,,,,False,False,['unexecuted_no_terminal_record'],False,True,False,False,False,False,False,False,False,,,,,0,False,False,False,
sensitivity-bounded,sensitivity-bounded-qwen-confirmation024-L4-6-A-24041017,confirmation024-L4-6,L4,qwen3.6:35b-a3b,A,24041017,unexecuted_no_terminal_record,unknown,,,,,False,,False,False,,,,False,False,['unexecuted_no_terminal_record'],False,True,False,False,False,False,False,False,False,,,,,0,False,False,False,
sensitivity-bounded,sensitivity-bounded-qwen-confirmation024-L4-6-B-24041017,confirmation024-L4-6,L4,qwen3.6:35b-a3b,B,24041017,unexecuted_no_terminal_record,unknown,,,,,False,,False,False,,,,False,False,['unexecuted_no_terminal_record'],False,True,False,False,False,False,False,False,False,,,,,0,False,False,False,
sensitivity-strict,sensitivity-strict-gemma-confirmation024-L1-1-A-24041017,confirmation024-L1-1,L1,gemma4:e4b,A,24041017,unexecuted_no_terminal_record,yes,,,,,False,,False,False,,,,False,False,['unexecuted_no_terminal_record'],False,True,False,False,False,False,False,False,False,,,,,0,False,False,False,
sensitivity-strict,sensitivity-strict-gemma-confirmation024-L1-1-B-24041017,confirmation024-L1-1,L1,gemma4:e4b,B,24041017,unexecuted_no_terminal_record,yes,,,,,False,,False,False,,,,False,False,['unexecuted_no_terminal_record'],False,True,False,False,False,False,False,False,False,,,,,0,False,False,False,
sensitivity-strict,sensitivity-strict-gemma-confirmation024-L1-6-A-24041017,confirmation024-L1-6,L1,gemma4:e4b,A,24041017,unexecuted_no_terminal_record,unknown,,,,,False,,False,False,,,,False,False,['unexecuted_no_terminal_record'],False,True,False,False,False,False,False,False,False,,,,,0,False,False,False,
sensitivity-strict,sensitivity-strict-gemma-confirmation024-L1-6-B-24041017,confirmation024-L1-6,L1,gemma4:e4b,B,24041017,unexecuted_no_terminal_record,unknown,,,,,False,,False,False,,,,False,False,['unexecuted_no_terminal_record'],False,True,False,False,False,False,False,False,False,,,,,0,False,False,False,
sensitivity-strict,sensitivity-strict-gemma-confirmation024-L2-1-A-24041017,confirmation024-L2-1,L2,gemma4:e4b,A,24041017,unexecuted_no_terminal_record,yes,,,,,False,,False,False,,,,False,False,['unexecuted_no_terminal_record'],False,True,False,False,False,False,False,False,False,,,,,0,False,False,False,
sensitivity-strict,sensitivity-strict-gemma-confirmation024-L2-1-B-24041017,confirmation024-L2-1,L2,gemma4:e4b,B,24041017,unexecuted_no_terminal_record,yes,,,,,False,,False,False,,,,False,False,['unexecuted_no_terminal_record'],False,True,False,False,False,False,False,False,False,,,,,0,False,False,False,
sensitivity-strict,sensitivity-strict-gemma-confirmation024-L2-6-A-24041017,confirmation024-L2-6,L2,gemma4:e4b,A,24041017,unexecuted_no_terminal_record,unknown,,,,,False,,False,False,,,,False,False,['unexecuted_no_terminal_record'],False,True,False,False,False,False,False,False,False,,,,,0,False,False,False,
sensitivity-strict,sensitivity-strict-gemma-confirmation024-L2-6-B-24041017,confirmation024-L2-6,L2,gemma4:e4b,B,24041017,unexecuted_no_terminal_record,unknown,,,,,False,,False,False,,,,False,False,['unexecuted_no_terminal_record'],False,True,False,False,False,False,False,False,False,,,,,0,False,False,False,
sensitivity-strict,sensitivity-strict-gemma-confirmation024-L3-1-A-24041017,confirmation024-L3-1,L3,gemma4:e4b,A,24041017,unexecuted_no_terminal_record,yes,,,,,False,,False,False,,,,False,False,['unexecuted_no_terminal_record'],False,True,False,False,False,False,False,False,False,,,,,0,False,False,False,
sensitivity-strict,sensitivity-strict-gemma-confirmation024-L3-1-B-24041017,confirmation024-L3-1,L3,gemma4:e4b,B,24041017,unexecuted_no_terminal_record,yes,,,,,False,,False,False,,,,False,False,['unexecuted_no_terminal_record'],False,True,False,False,False,False,False,False,False,,,,,0,False,False,False,
sensitivity-strict,sensitivity-strict-gemma-confirmation024-L3-6-A-24041017,confirmation024-L3-6,L3,gemma4:e4b,A,24041017,unexecuted_no_terminal_record,unknown,,,,,False,,False,False,,,,False,False,['unexecuted_no_terminal_record'],False,True,False,False,False,False,False,False,False,,,,,0,False,False,False,
sensitivity-strict,sensitivity-strict-gemma-confirmation024-L3-6-B-24041017,confirmation024-L3-6,L3,gemma4:e4b,B,24041017,unexecuted_no_terminal_record,unknown,,,,,False,,False,False,,,,False,False,['unexecuted_no_terminal_record'],False,True,False,False,False,False,False,False,False,,,,,0,False,False,False,
sensitivity-strict,sensitivity-strict-gemma-confirmation024-L4-1-A-24041017,confirmation024-L4-1,L4,gemma4:e4b,A,24041017,unexecuted_no_terminal_record,yes,,,,,False,,False,False,,,,False,False,['unexecuted_no_terminal_record'],False,True,False,False,False,False,False,False,False,,,,,0,False,False,False,
sensitivity-strict,sensitivity-strict-gemma-confirmation024-L4-1-B-24041017,confirmation024-L4-1,L4,gemma4:e4b,B,24041017,unexecuted_no_terminal_record,yes,,,,,False,,False,False,,,,False,False,['unexecuted_no_terminal_record'],False,True,False,False,False,False,False,False,False,,,,,0,False,False,False,
sensitivity-strict,sensitivity-strict-gemma-confirmation024-L4-6-A-24041017,confirmation024-L4-6,L4,gemma4:e4b,A,24041017,unexecuted_no_terminal_record,unknown,,,,,False,,False,False,,,,False,False,['unexecuted_no_terminal_record'],False,True,False,False,False,False,False,False,False,,,,,0,False,False,False,
sensitivity-strict,sensitivity-strict-gemma-confirmation024-L4-6-B-24041017,confirmation024-L4-6,L4,gemma4:e4b,B,24041017,unexecuted_no_terminal_record,unknown,,,,,False,,False,False,,,,False,False,['unexecuted_no_terminal_record'],False,True,False,False,False,False,False,False,False,,,,,0,False,False,False,
sensitivity-strict,sensitivity-strict-qwen-confirmation024-L1-1-A-24041017,confirmation024-L1-1,L1,qwen3.6:35b-a3b,A,24041017,completed,yes,75.125,75.125,router_stopped,satisfied,False,,True,True,False,False,False,False,False,"['missing_witness:document-2', 'wrong_canonical_decision']",True,False,True,True,False,False,True,True,False,PASS,True,,,0,True,True,True,True
sensitivity-strict,sensitivity-strict-qwen-confirmation024-L1-1-B-24041017,confirmation024-L1-1,L1,qwen3.6:35b-a3b,B,24041017,completed,yes,100.85899999999674,100.85899999999674,router_stopped,satisfied,False,,True,True,True,True,True,True,False,[],True,False,True,True,False,False,True,True,False,PASS,True,,,0,False,False,True,False
sensitivity-strict,sensitivity-strict-qwen-confirmation024-L1-6-A-24041017,confirmation024-L1-6,L1,qwen3.6:35b-a3b,A,24041017,unexecuted_no_terminal_record,unknown,,,,,False,,False,False,,,,False,False,['unexecuted_no_terminal_record'],False,True,False,False,False,False,False,False,False,,,,,0,False,False,False,
sensitivity-strict,sensitivity-strict-qwen-confirmation024-L1-6-B-24041017,confirmation024-L1-6,L1,qwen3.6:35b-a3b,B,24041017,unexecuted_no_terminal_record,unknown,,,,,False,,False,False,,,,False,False,['unexecuted_no_terminal_record'],False,True,False,False,False,False,False,False,False,,,,,0,False,False,False,
sensitivity-strict,sensitivity-strict-qwen-confirmation024-L2-1-A-24041017,confirmation024-L2-1,L2,qwen3.6:35b-a3b,A,24041017,unexecuted_no_terminal_record,yes,,,,,False,,False,False,,,,False,False,['unexecuted_no_terminal_record'],False,True,False,False,False,False,False,False,False,,,,,0,False,False,False,
sensitivity-strict,sensitivity-strict-qwen-confirmation024-L2-1-B-24041017,confirmation024-L2-1,L2,qwen3.6:35b-a3b,B,24041017,unexecuted_no_terminal_record,yes,,,,,False,,False,False,,,,False,False,['unexecuted_no_terminal_record'],False,True,False,False,False,False,False,False,False,,,,,0,False,False,False,
sensitivity-strict,sensitivity-strict-qwen-confirmation024-L2-6-A-24041017,confirmation024-L2-6,L2,qwen3.6:35b-a3b,A,24041017,completed,unknown,67.20300000000861,67.20300000000861,router_stopped,satisfied,False,,True,True,True,False,False,False,False,"['insufficient_independent_origins', 'missing_witness:document-2', 'missing_witness:document-4']",True,False,True,True,False,False,True,True,False,PASS,True,,,0,True,False,True,True
sensitivity-strict,sensitivity-strict-qwen-confirmation024-L2-6-B-24041017,confirmation024-L2-6,L2,qwen3.6:35b-a3b,B,24041017,unexecuted_no_terminal_record,unknown,,,,,False,,False,False,,,,False,False,['unexecuted_no_terminal_record'],False,True,False,False,False,False,False,False,False,,,,,0,False,False,False,
sensitivity-strict,sensitivity-strict-qwen-confirmation024-L3-1-A-24041017,confirmation024-L3-1,L3,qwen3.6:35b-a3b,A,24041017,unexecuted_no_terminal_record,yes,,,,,False,,False,False,,,,False,False,['unexecuted_no_terminal_record'],False,True,False,False,False,False,False,False,False,,,,,0,False,False,False,
sensitivity-strict,sensitivity-strict-qwen-confirmation024-L3-1-B-24041017,confirmation024-L3-1,L3,qwen3.6:35b-a3b,B,24041017,unexecuted_no_terminal_record,yes,,,,,False,,False,False,,,,False,False,['unexecuted_no_terminal_record'],False,True,False,False,False,False,False,False,False,,,,,0,False,False,False,
sensitivity-strict,sensitivity-strict-qwen-confirmation024-L3-6-A-24041017,confirmation024-L3-6,L3,qwen3.6:35b-a3b,A,24041017,unexecuted_no_terminal_record,unknown,,,,,False,,False,False,,,,False,False,['unexecuted_no_terminal_record'],False,True,False,False,False,False,False,False,False,,,,,0,False,False,False,
sensitivity-strict,sensitivity-strict-qwen-confirmation024-L3-6-B-24041017,confirmation024-L3-6,L3,qwen3.6:35b-a3b,B,24041017,unexecuted_no_terminal_record,unknown,,,,,False,,False,False,,,,False,False,['unexecuted_no_terminal_record'],False,True,False,False,False,False,False,False,False,,,,,0,False,False,False,
sensitivity-strict,sensitivity-strict-qwen-confirmation024-L4-1-A-24041017,confirmation024-L4-1,L4,qwen3.6:35b-a3b,A,24041017,completed,yes,174.64100000000326,174.64100000000326,router_stopped,satisfied,False,,True,True,False,False,False,False,False,"['missing_witness:document-1', 'missing_witness:document-2', 'wrong_canonical_decision']",True,False,True,True,False,False,True,True,False,PASS,True,,,0,True,True,True,True
sensitivity-strict,sensitivity-strict-qwen-confirmation024-L4-1-B-24041017,confirmation024-L4-1,L4,qwen3.6:35b-a3b,B,24041017,completed,yes,107.76499999999942,107.76499999999942,router_stopped,satisfied,False,,True,True,True,True,True,True,False,[],True,False,True,True,False,False,True,True,False,PASS,True,,,0,False,False,True,False
sensitivity-strict,sensitivity-strict-qwen-confirmation024-L4-6-A-24041017,confirmation024-L4-6,L4,qwen3.6:35b-a3b,A,24041017,completed,unknown,58.40699999999197,58.40699999999197,router_stopped,satisfied,False,,True,True,True,False,False,False,False,['missing_witness:document-2'],True,False,True,True,False,False,True,True,False,PASS,True,,,0,True,False,True,True
sensitivity-strict,sensitivity-strict-qwen-confirmation024-L4-6-B-24041017,confirmation024-L4-6,L4,qwen3.6:35b-a3b,B,24041017,completed,unknown,110.21900000001187,110.21900000001187,router_stopped,satisfied,False,,True,True,True,True,True,True,True,[],True,False,True,True,False,False,True,True,False,PASS,True,,,0,False,False,True,False
